{"cameraMode":{"drawMode":0,"name":"Shaded","section":"Shading Mode"},"sceneLighting":true,"audioPlay":false,"sceneViewState":{"showFog":true,"showMaterialUpdate":false,"showSkybox":true,"showFlares":true,"showImageEffects":true,"showParticleSystems":true},"in2DMode":false,"pivot":{"x":-4.831745624542236,"y":3.5383710861206056,"z":5.608552932739258},"rotation":{"x":-0.038741763681173328,"y":-0.16649401187896729,"z":0.00659923767670989,"w":-0.9852589964866638},"size":36.1204833984375,"orthographic":false}